horodatage_entree,sens,rang,zone,origine,fraction,ratio_risque,prix_sortie,horodatage_sortie,resultat_r,motif_sortie
2026-08-10 16:16:00+00:00,baissier,1,4329.7982,fibonacci_0_72,0.5,5.999,4365.795,2026-08-10 18:26:00+00:00,-0.5294,stop
2026-08-10 16:16:00+00:00,baissier,2,4316.305,niveau_bas,0.5,8.645,4365.795,2026-08-10 18:26:00+00:00,-0.5294,stop
2026-08-11 05:01:00+00:00,haussier,1,4426.0386,fibonacci_0_72,0.5,2.784,4401.785,2026-08-11 05:12:00+00:00,-0.5237,stop
2026-08-11 05:01:00+00:00,haussier,2,4434.965,niveau_haut,0.5,4.194,4401.785,2026-08-11 05:12:00+00:00,-0.5237,stop
2026-08-11 14:14:00+00:00,haussier,1,4415.9558,fibonacci_0_72,0.5,1.319,4365.775,2026-08-11 21:00:00+00:00,-0.507,stop
2026-08-11 14:14:00+00:00,haussier,2,4434.965,niveau_haut,0.5,2.203,4365.775,2026-08-11 21:00:00+00:00,-0.507,stop
2026-08-12 04:41:00+00:00,baissier,1,4377.1242,fibonacci_0_72,0.5,1.972,4404.265,2026-08-12 05:10:00+00:00,-0.5166,stop
2026-08-12 04:41:00+00:00,baissier,2,4339.675,order_block,0.5,6.12,4404.265,2026-08-12 05:10:00+00:00,-0.5166,stop
2026-08-12 13:19:00+00:00,baissier,1,4416.4482,fibonacci_0_72,0.5,0.526,4416.7482,2026-08-12 13:26:00+00:00,0.2539,objectif
2026-08-12 13:19:00+00:00,baissier,2,4365.425,niveau_bas,0.5,3.543,4425.635,2026-08-12 13:48:00+00:00,-0.0089,break_even
2026-08-13 05:03:00+00:00,haussier,1,4433.1926,fibonacci_0_72,0.5,5.732,4390.075,2026-08-13 05:44:00+00:00,-0.5236,stop
2026-08-13 05:03:00+00:00,haussier,2,4449.455,niveau_haut,0.5,8.289,4390.075,2026-08-13 05:44:00+00:00,-0.5236,stop
2026-08-13 09:09:00+00:00,haussier,1,4395.0234,fibonacci_0_72,0.5,1.067,4394.7234,2026-08-13 11:16:00+00:00,0.5238,objectif
2026-08-13 09:09:00+00:00,haussier,2,4400.575,order_block,0.5,1.424,4400.275,2026-08-13 12:31:00+00:00,0.7024,objectif
2026-08-13 13:25:00+00:00,baissier,1,4374.3042,fibonacci_0_72,0.5,0.921,4374.6042,2026-08-13 13:52:00+00:00,0.4502,objectif
2026-08-13 13:25:00+00:00,baissier,2,4370.405,order_block,0.5,1.191,4370.705,2026-08-13 14:05:00+00:00,0.5852,objectif
2026-08-13 14:13:00+00:00,haussier,1,4387.3554,fibonacci_0_72,0.5,2.415,4362.605,2026-08-13 14:31:00+00:00,-0.5209,stop
2026-08-13 14:13:00+00:00,haussier,2,4407.125,niveau_haut,0.5,5.176,4362.605,2026-08-13 14:31:00+00:00,-0.5209,stop
2026-08-14 02:01:00+00:00,haussier,1,4349.4478,fibonacci_0_72,0.5,3.5,4310.715,2026-08-14 02:15:00+00:00,-0.5176,stop
2026-08-14 02:01:00+00:00,haussier,2,4364.005,niveau_haut,0.5,5.205,4310.715,2026-08-14 02:15:00+00:00,-0.5176,stop
2026-08-14 14:02:00+00:00,baissier,1,4361.4562,fibonacci_0_72,0.5,2.455,4398.065,2026-08-17 00:53:00+00:00,-0.5129,stop
2026-08-14 14:02:00+00:00,baissier,2,4358.515,order_block,0.5,2.735,4398.065,2026-08-17 00:53:00+00:00,-0.5129,stop
2026-08-17 10:31:00+00:00,baissier,1,4395.6954,fibonacci_0_72,0.5,0.482,4395.9954,2026-08-17 10:38:00+00:00,0.2185,objectif
2026-08-17 10:31:00+00:00,baissier,2,4386.765,niveau_bas,0.5,1.838,4399.175,2026-08-17 10:49:00+00:00,-0.0228,break_even
2026-08-17 17:34:00+00:00,baissier,1,4391.3142,fibonacci_0_72,0.5,1.85,4391.6142,2026-08-18 04:01:00+00:00,0.9157,objectif
2026-08-17 17:34:00+00:00,baissier,2,4390.235,order_block,0.5,1.93,4390.535,2026-08-18 04:01:00+00:00,0.9558,objectif
2026-08-18 14:20:00+00:00,baissier,1,4391.4354,fibonacci_0_72,0.5,1.28,4391.7354,2026-08-18 14:31:00+00:00,0.6183,objectif
2026-08-18 14:20:00+00:00,baissier,2,4385.645,niveau_bas,0.5,2.11,4385.945,2026-08-18 14:33:00+00:00,1.0337,objectif
2026-08-18 17:46:00+00:00,haussier,1,4390.9502,fibonacci_0_72,0.5,2.839,4350.115,2026-08-19 00:01:00+00:00,-0.5115,stop
2026-08-18 17:46:00+00:00,haussier,2,4392.125,order_block,0.5,2.95,4350.115,2026-08-19 00:01:00+00:00,-0.5115,stop
2026-08-19 09:43:00+00:00,baissier,1,4342.8542,fibonacci_0_72,0.5,2.52,4364.415,2026-08-19 10:16:00+00:00,-0.5248,stop
2026-08-19 09:43:00+00:00,baissier,2,4334.975,niveau_bas,0.5,3.825,4364.415,2026-08-19 10:16:00+00:00,-0.5248,stop
2026-08-20 02:05:00+00:00,baissier,1,4487.3566,fibonacci_0_72,0.5,0.284,4487.6566,2026-08-20 04:34:00+00:00,0.1374,objectif
2026-08-20 02:05:00+00:00,baissier,2,4471.755,niveau_bas,0.5,0.771,4496.755,2026-08-20 08:17:00+00:00,-0.0047,break_even
2026-08-20 16:08:00+00:00,baissier,1,4475.6854,fibonacci_0_72,0.5,1.85,4542.095,2026-08-21 01:36:00+00:00,-0.5064,stop
2026-08-20 16:08:00+00:00,baissier,2,4467.725,order_block,0.5,2.193,4542.095,2026-08-21 01:36:00+00:00,-0.5064,stop
2026-08-21 02:02:00+00:00,baissier,1,4522.2678,fibonacci_0_72,0.5,0.292,4522.5678,2026-08-21 02:05:00+00:00,0.1373,objectif
2026-08-21 02:02:00+00:00,baissier,2,4516.815,order_block,0.5,0.609,4527.595,2026-08-21 02:26:00+00:00,-0.0087,break_even
2026-08-21 02:59:00+00:00,baissier,1,4518.3366,fibonacci_0_72,0.5,1.325,4544.815,2026-08-21 04:22:00+00:00,-0.5133,stop
2026-08-21 02:59:00+00:00,baissier,2,4516.815,order_block,0.5,1.46,4544.815,2026-08-21 04:22:00+00:00,-0.5133,stop
2026-08-21 12:03:00+00:00,baissier,1,4585.2862,fibonacci_0_72,0.5,1.234,4585.5862,2026-08-21 12:21:00+00:00,0.6007,objectif
2026-08-21 12:03:00+00:00,baissier,2,4577.785,niveau_bas,0.5,2.061,4578.085,2026-08-21 12:33:00+00:00,1.0138,objectif
2026-08-21 15:31:00+00:00,baissier,1,4575.5078,fibonacci_0_72,0.5,3.048,4608.315,2026-08-21 15:37:00+00:00,-0.5187,stop
2026-08-21 15:31:00+00:00,baissier,2,4563.255,niveau_bas,0.5,4.574,4608.315,2026-08-21 15:37:00+00:00,-0.5187,stop
2026-08-24 05:50:00+00:00,haussier,1,4649.1434,fibonacci_0_72,0.5,0.92,4648.8434,2026-08-24 06:07:00+00:00,0.4459,objectif
2026-08-24 05:50:00+00:00,haussier,2,4656.765,niveau_haut,0.5,1.63,4656.465,2026-08-24 06:18:00+00:00,0.801,objectif
2026-08-25 08:04:00+00:00,haussier,1,4665.8326,fibonacci_0_72,0.5,5.07,4620.915,2026-08-25 08:09:00+00:00,-0.5204,stop
2026-08-25 08:04:00+00:00,haussier,2,4682.795,niveau_haut,0.5,7.378,4620.915,2026-08-25 08:09:00+00:00,-0.5204,stop
2026-08-25 16:04:00+00:00,baissier,1,4620.0274,fibonacci_0_72,0.5,2.299,4660.445,2026-08-25 19:08:00+00:00,-0.5123,stop
2026-08-25 16:04:00+00:00,baissier,2,4604.815,niveau_bas,0.5,3.55,4660.445,2026-08-25 19:08:00+00:00,-0.5123,stop
2026-08-26 03:47:00+00:00,haussier,1,4659.007,fibonacci_0_72,0.5,0.859,4627.935,2026-08-26 06:24:00+00:00,-0.5091,stop
2026-08-26 03:47:00+00:00,haussier,2,4670.585,niveau_haut,0.5,1.559,4627.935,2026-08-26 06:24:00+00:00,-0.5091,stop
2026-08-26 07:22:00+00:00,haussier,1,4642.2754,fibonacci_0_72,0.5,0.609,4622.925,2026-08-26 08:16:00+00:00,-0.5127,stop
2026-08-26 07:22:00+00:00,haussier,2,4649.295,niveau_haut,0.5,1.202,4622.925,2026-08-26 08:16:00+00:00,-0.5127,stop
2026-08-26 08:29:00+00:00,haussier,1,4642.2754,fibonacci_0_72,0.5,1.869,4622.925,2026-08-26 09:17:00+00:00,-0.5226,stop
2026-08-26 08:29:00+00:00,haussier,2,4649.295,niveau_haut,0.5,2.926,4622.925,2026-08-26 09:17:00+00:00,-0.5226,stop
2026-08-26 13:03:00+00:00,haussier,1,4625.2058,fibonacci_0_72,0.5,0.289,4609.405,2026-08-26 13:06:00+00:00,-0.5125,stop
2026-08-26 13:03:00+00:00,haussier,2,4649.295,niveau_haut,0.5,2.291,4609.405,2026-08-26 13:06:00+00:00,-0.5125,stop
2026-08-26 14:56:00+00:00,haussier,1,4622.921,fibonacci_0_72,0.5,0.7,4596.565,2026-08-26 15:03:00+00:00,-0.5098,stop
2026-08-26 14:56:00+00:00,haussier,2,4649.295,niveau_haut,0.5,2.42,4596.565,2026-08-26 15:03:00+00:00,-0.5098,stop
2026-08-26 16:02:00+00:00,haussier,1,4619.1306,fibonacci_0_72,0.5,1.754,4618.8306,2026-08-26 23:19:00+00:00,0.866,objectif
2026-08-26 16:02:00+00:00,haussier,2,4633.265,niveau_haut,0.5,2.796,4632.965,2026-08-27 01:54:00+00:00,1.3889,objectif
2026-08-27 06:18:00+00:00,haussier,1,4630.4306,fibonacci_0_72,0.5,2.784,4598.005,2026-08-27 06:59:00+00:00,-0.5177,stop
2026-08-27 06:18:00+00:00,haussier,2,4632.635,order_block,0.5,3.044,4598.005,2026-08-27 06:59:00+00:00,-0.5177,stop
2026-08-27 12:54:00+00:00,haussier,1,4598.7666,fibonacci_0_72,0.5,2.069,4577.105,2026-08-27 13:35:00+00:00,-0.5216,stop
2026-08-27 12:54:00+00:00,haussier,2,4606.685,niveau_haut,0.5,3.207,4577.105,2026-08-27 13:35:00+00:00,-0.5216,stop
2026-08-27 14:31:00+00:00,haussier,1,4590.6058,fibonacci_0_72,0.5,0.34,4590.3058,2026-08-27 14:37:00+00:00,0.1624,objectif
2026-08-27 14:31:00+00:00,haussier,2,4600.865,niveau_haut,0.5,0.841,4600.565,2026-08-27 15:41:00+00:00,0.4134,objectif
2026-08-27 16:30:00+00:00,baissier,1,4577.8162,fibonacci_0_72,0.5,3.938,4614.065,2026-08-27 16:47:00+00:00,-0.5206,stop
2026-08-27 16:30:00+00:00,baissier,2,4564.225,niveau_bas,0.5,5.805,4614.065,2026-08-27 16:47:00+00:00,-0.5206,stop
2026-08-27 19:16:00+00:00,baissier,1,4579.2638,fibonacci_0_72,0.5,3.645,4579.5638,2026-08-28 01:41:00+00:00,1.8039,objectif
2026-08-27 19:16:00+00:00,baissier,2,4564.225,niveau_bas,0.5,5.406,4610.695,2026-08-28 07:01:00+00:00,-0.0176,break_even
2026-08-28 12:32:00+00:00,haussier,1,4604.4022,fibonacci_0_72,0.5,0.332,4589.415,2026-08-28 12:37:00+00:00,-0.5136,stop
2026-08-28 12:32:00+00:00,haussier,2,4609.725,niveau_haut,0.5,0.814,4589.415,2026-08-28 12:37:00+00:00,-0.5136,stop
2026-09-01 00:02:00+00:00,baissier,1,4436.1006,fibonacci_0_72,0.5,2.191,4456.855,2026-09-01 00:12:00+00:00,-0.5234,stop
2026-09-01 00:02:00+00:00,baissier,2,4428.535,niveau_bas,0.5,3.371,4456.855,2026-09-01 00:12:00+00:00,-0.5234,stop
2026-09-01 19:48:00+00:00,haussier,1,4422.425,fibonacci_0_72,0.5,14.265,4321.225,2026-09-02 00:02:00+00:00,-0.5227,stop
2026-09-01 19:48:00+00:00,haussier,2,4432.945,order_block,0.5,15.856,4321.225,2026-09-02 00:02:00+00:00,-0.5227,stop
2026-09-02 00:16:00+00:00,haussier,1,4420.4426,fibonacci_0_72,0.5,5.7,4314.145,2026-09-02 00:55:00+00:00,-0.5095,stop
2026-09-02 00:16:00+00:00,haussier,2,4432.945,order_block,0.5,6.491,4314.145,2026-09-02 00:55:00+00:00,-0.5095,stop
2026-09-02 02:38:00+00:00,haussier,1,4326.8938,fibonacci_0_72,0.5,1.426,4303.065,2026-09-02 02:56:00+00:00,-0.5155,stop
2026-09-02 02:38:00+00:00,haussier,2,4335.655,niveau_haut,0.5,2.329,4303.065,2026-09-02 02:56:00+00:00,-0.5155,stop
2026-09-02 03:46:00+00:00,haussier,1,4320.6414,fibonacci_0_72,0.5,2.496,4320.3414,2026-09-02 05:32:00+00:00,1.2346,objectif
2026-09-02 03:46:00+00:00,haussier,2,4335.655,niveau_haut,0.5,3.821,4335.355,2026-09-02 12:06:00+00:00,1.8972,objectif
2026-09-02 12:17:00+00:00,baissier,1,4311.1306,fibonacci_0_72,0.5,2.88,4337.465,2026-09-02 12:21:00+00:00,-0.5224,stop
2026-09-02 12:17:00+00:00,baissier,2,4310.675,order_block,0.5,2.948,4337.465,2026-09-02 12:21:00+00:00,-0.5224,stop
2026-09-03 08:40:00+00:00,baissier,1,4425.1626,fibonacci_0_72,0.5,0.69,4425.4626,2026-09-03 10:10:00+00:00,0.332,objectif
2026-09-03 08:40:00+00:00,baissier,2,4418.045,niveau_bas,0.5,1.313,4433.345,2026-09-03 11:16:00+00:00,-0.0131,break_even
2026-09-04 00:38:00+00:00,baissier,1,4474.4074,fibonacci_0_72,0.5,0.061,4484.225,2026-09-04 00:47:00+00:00,-0.5167,stop
2026-09-04 00:38:00+00:00,baissier,2,4471.095,niveau_bas,0.5,0.43,4484.225,2026-09-04 00:47:00+00:00,-0.5167,stop
2026-09-04 01:37:00+00:00,haussier,1,4476.1582,fibonacci_0_72,0.5,0.089,4475.8582,2026-09-04 01:38:00+00:00,0.0213,objectif
2026-09-04 01:37:00+00:00,haussier,2,4480.215,order_block,0.5,0.722,4475.285,2026-09-04 01:39:00+00:00,-0.0234,break_even
2026-09-04 01:55:00+00:00,haussier,1,4475.4162,fibonacci_0_72,0.5,0.144,4475.1162,2026-09-04 01:57:00+00:00,0.0528,objectif
2026-09-04 01:55:00+00:00,haussier,2,4480.215,order_block,0.5,0.762,4479.915,2026-09-04 02:03:00+00:00,0.3616,objectif
2026-09-04 08:05:00+00:00,baissier,1,4468.521,fibonacci_0_72,0.5,1.57,4468.821,2026-09-04 09:16:00+00:00,0.7683,objectif
2026-09-04 08:05:00+00:00,baissier,2,4464.105,order_block,0.5,2.061,4464.405,2026-09-04 09:22:00+00:00,1.0139,objectif
2026-09-04 09:23:00+00:00,haussier,1,4482.029,fibonacci_0_72,0.5,1.647,4458.625,2026-09-04 12:31:00+00:00,-0.5172,stop
2026-09-04 09:23:00+00:00,haussier,2,4490.625,niveau_haut,0.5,2.631,4458.625,2026-09-04 12:31:00+00:00,-0.5172,stop
2026-09-04 13:26:00+00:00,haussier,1,4447.6354,fibonacci_0_72,0.5,1.143,4447.3354,2026-09-04 15:20:00+00:00,0.5672,objectif
2026-09-04 13:26:00+00:00,haussier,2,4464.095,order_block,0.5,1.617,4407.605,2026-09-07 01:01:00+00:00,-0.0043,break_even
2026-09-07 07:01:00+00:00,haussier,1,4405.1598,fibonacci_0_72,0.5,0.794,4404.8598,2026-09-07 07:56:00+00:00,0.3844,objectif
2026-09-07 07:01:00+00:00,haussier,2,4413.025,niveau_haut,0.5,1.459,4412.725,2026-09-07 08:03:00+00:00,0.7168,objectif
2026-09-07 12:02:00+00:00,haussier,1,4411.7654,fibonacci_0_72,0.5,2.344,4411.4654,2026-09-07 14:45:00+00:00,1.156,objectif
2026-09-07 12:02:00+00:00,haussier,2,4416.175,order_block,0.5,2.807,4415.875,2026-09-07 14:48:00+00:00,1.3876,objectif
2026-09-08 00:23:00+00:00,baissier,1,4408.7718,fibonacci_0_72,0.5,1.797,4429.015,2026-09-08 01:13:00+00:00,-0.521,stop
2026-09-08 00:23:00+00:00,baissier,2,4401.405,niveau_bas,0.5,2.83,4429.015,2026-09-08 01:13:00+00:00,-0.521,stop
2026-09-08 02:02:00+00:00,baissier,1,4412.3446,fibonacci_0_72,0.5,4.465,4441.775,2026-09-08 04:01:00+00:00,-0.5281,stop
2026-09-08 02:02:00+00:00,baissier,2,4409.725,order_block,0.5,4.957,4441.775,2026-09-08 04:01:00+00:00,-0.5281,stop
2026-09-08 04:16:00+00:00,baissier,1,4426.9802,fibonacci_0_72,0.5,1.919,4427.2802,2026-09-08 05:15:00+00:00,0.9332,objectif
2026-09-08 04:16:00+00:00,baissier,2,4420.865,niveau_bas,0.5,2.986,4421.165,2026-09-08 05:30:00+00:00,1.4668,objectif
2026-09-08 07:04:00+00:00,haussier,1,4430.1414,fibonacci_0_72,0.5,2.298,4396.535,2026-09-08 07:38:00+00:00,-0.5149,stop
2026-09-08 07:04:00+00:00,haussier,2,4431.735,order_block,0.5,2.455,4396.535,2026-09-08 07:38:00+00:00,-0.5149,stop
2026-09-08 17:01:00+00:00,haussier,1,4400.9918,fibonacci_0_72,0.5,0.255,4400.6918,2026-09-08 17:05:00+00:00,0.1189,objectif
2026-09-08 17:01:00+00:00,haussier,2,4409.095,niveau_haut,0.5,0.721,4396.255,2026-09-08 17:12:00+00:00,-0.0086,break_even
2026-09-08 19:35:00+00:00,haussier,1,4390.8926,fibonacci_0_72,0.5,3.227,4356.775,2026-09-08 20:00:00+00:00,-0.5188,stop
2026-09-08 19:35:00+00:00,haussier,2,4391.815,order_block,0.5,3.342,4356.775,2026-09-08 20:00:00+00:00,-0.5188,stop
2026-09-09 00:36:00+00:00,haussier,1,4386.1018,fibonacci_0_72,0.5,6.076,4385.8018,2026-09-09 06:01:00+00:00,3.0151,objectif
2026-09-09 00:36:00+00:00,haussier,2,4391.815,order_block,0.5,6.952,4391.515,2026-09-09 06:01:00+00:00,3.4532,objectif
