setup,unite_detection,horodatage_entree,horodatage_sortie,sens,unite_ob,ob_haut,ob_bas,ob_ouverture_bougie1,niveau_prix,niveau_cote,niveau_unite,niveau_formation,sweep_extreme,unite_fibo,reference_prix,unite_fvg,fvg_haut,fvg_bas,type_entree,prix_entree,stop,objectif,prix_sortie,lots,resultat_eur,resultat_r,motif_sortie,heure_entree,n_paliers
order_block,M15,2026-08-10 17:47:00+00:00,2026-08-10 18:26:00+00:00,baissier,M15,4364.415,4360.695,2026-08-10 16:15:00+00:00,,,,,,,,M5,4358.375,4358.025,marche,4357.025,4365.415,4346.915,4365.715,0.07,-52.68,-1.036,stop,17,3
order_block,M15,2026-08-12 12:29:00+00:00,2026-08-12 12:30:00+00:00,haussier,M15,4405.795,4401.535,2026-08-12 08:45:00+00:00,,,,,,,,M5,4412.315,4409.165,marche,4416.285,4400.535,4417.285,4419.835,0.04,7.35,0.135,objectif,12,2
order_block,M30,2026-08-12 12:33:00+00:00,2026-08-12 12:34:00+00:00,haussier,M30,4392.535,4384.825,2026-08-12 06:00:00+00:00,,,,,,,,M5,4412.315,4409.165,marche,4418.065,4383.825,4420.135,4419.835,0.02,3.06,0.052,objectif,12,1
order_block,M15,2026-08-13 01:59:00+00:00,2026-08-14 00:27:00+00:00,baissier,M15,4417.845,4415.515,2026-08-12 19:15:00+00:00,,,,,,,,M5,4410.455,4409.645,marche,4407.995,4418.845,4365.425,4339.975,0.06,286.28,5.076,objectif,1,2
order_block,M15,2026-08-14 12:46:00+00:00,2026-08-14 13:32:00+00:00,baissier,M15,4387.005,4380.885,2026-08-13 14:45:00+00:00,,,,,,,,M5,4377.105,4372.395,marche,4370.995,4388.005,4361.785,4388.305,0.04,-59.87,-1.018,stop,12,3
order_block,M15,2026-08-14 15:22:00+00:00,2026-08-14 16:02:00+00:00,baissier,M15,4394.385,4384.965,2026-08-14 14:15:00+00:00,,,,,,,,M5,4388.565,4385.615,marche,4384.335,4395.385,4361.785,4395.685,0.06,-58.88,-1.027,stop,15,3
order_block,M15,2026-08-17 00:18:00+00:00,2026-08-17 14:19:00+00:00,haussier,M15,4375.615,4372.235,2026-08-16 22:15:00+00:00,,,,,,,,M5,4382.465,4381.705,marche,4386.645,4371.235,4417.565,4417.265,0.04,105.61,1.987,objectif,0,1
order_block,M30,2026-08-19 07:44:00+00:00,2026-08-19 10:49:00+00:00,baissier,M30,4368.255,4362.955,2026-08-18 17:00:00+00:00,,,,,,,,M5,4356.285,4354.815,marche,4352.315,4369.255,4345.545,4369.555,0.04,-59.27,-1.018,stop,7,2
order_block,M30,2026-08-20 07:06:00+00:00,2026-08-20 07:34:00+00:00,baissier,M30,4500.535,4492.015,2026-08-20 03:30:00+00:00,,,,,,,,M5,4489.045,4488.265,marche,4486.675,4501.535,4484.055,4486.975,0.04,3.46,0.068,break_even,7,3
order_block,M15,2026-08-20 07:44:00+00:00,2026-08-20 08:17:00+00:00,baissier,M15,4495.375,4491.115,2026-08-20 06:45:00+00:00,,,,,,,,M5,4491.605,4491.255,marche,4488.705,4496.375,4484.055,4496.675,0.08,-54.55,-1.039,stop,7,3
order_block,M30,2026-08-20 23:33:00+00:00,2026-08-20 23:39:00+00:00,baissier,M30,4531.885,4521.785,2026-08-20 19:30:00+00:00,,,,,,,,M5,4526.085,4524.475,marche,4523.125,4532.885,4520.925,4523.425,0.06,4.11,0.082,break_even,23,3
order_block,H1,2026-08-23 22:02:00+00:00,2026-08-24 00:06:00+00:00,baissier,H1,4627.565,4619.205,2026-08-21 18:00:00+00:00,,,,,,,,M5,4621.035,4619.385,marche,4608.935,4628.565,4540.635,4628.865,0.03,-51.24,-1.017,stop,22,3
order_block,M15,2026-08-24 00:49:00+00:00,2026-08-24 01:00:00+00:00,haussier,M15,4619.205,4607.285,2026-08-23 23:30:00+00:00,,,,,,,,M5,4611.415,4610.945,marche,4613.495,4606.285,4619.825,4619.525,0.09,46.51,0.836,objectif,0,1
order_block,M15,2026-08-25 08:24:00+00:00,2026-08-25 08:26:00+00:00,haussier,M15,4635.885,4631.375,2026-08-25 03:45:00+00:00,,,,,,,,M5,4636.545,4628.915,marche,4638.535,4630.375,4641.045,4638.235,0.08,6.55,0.117,break_even,8,3
order_block,M15,2026-08-25 13:02:00+00:00,2026-08-25 14:36:00+00:00,baissier,M15,4647.205,4640.375,2026-08-25 11:45:00+00:00,,,,,,,,M5,4636.875,4636.785,marche,4632.115,4648.205,4622.215,4632.415,0.04,15.94,0.289,break_even,13,3
order_block,M15,2026-08-25 17:59:00+00:00,2026-08-26 06:24:00+00:00,haussier,M15,4637.055,4630.295,2026-08-25 15:00:00+00:00,,,,,,,,M5,4647.395,4645.855,marche,4648.855,4628.285,4682.795,4627.985,0.03,-53.72,-1.015,stop,17,1
order_block,M15,2026-08-26 10:43:00+00:00,2026-08-26 12:02:00+00:00,baissier,M15,4625.355,4621.635,2026-08-26 09:45:00+00:00,,,,,,,,M5,4622.635,4622.225,marche,4621.165,4626.355,4604.815,4626.655,0.12,-56.52,-1.058,stop,10,3
order_block,M15,2026-08-26 12:34:00+00:00,2026-08-26 12:43:00+00:00,haussier,M15,4622.685,4617.045,2026-08-26 11:30:00+00:00,,,,,,,,M5,4619.195,4618.955,marche,4621.475,4615.645,4629.235,4615.345,0.1,-52.59,-1.051,stop,12,3
order_block,M30,2026-08-26 13:51:00+00:00,2026-08-26 23:40:00+00:00,baissier,M30,4630.085,4623.525,2026-08-26 12:00:00+00:00,,,,,,,,M5,4626.755,4625.005,marche,4623.375,4633.665,4604.815,4623.675,0.06,46.23,0.873,break_even,13,3
order_block,M15,2026-08-27 01:13:00+00:00,2026-08-27 01:15:00+00:00,baissier,M15,4621.105,4612.935,2026-08-27 00:15:00+00:00,,,,,,,,M5,4621.915,4620.775,marche,4618.875,4622.105,4604.815,4622.405,0.19,-57.61,-1.093,stop,1,3
order_block,M15,2026-08-27 01:15:00+00:00,2026-08-27 01:43:00+00:00,haussier,M15,4611.665,4606.175,2026-08-26 22:45:00+00:00,,,,,,,,M5,4622.305,4618.905,marche,4625.385,4605.175,4629.235,4625.085,0.03,4.19,0.08,break_even,1,3
order_block,M15,2026-08-27 03:30:00+00:00,2026-08-27 05:45:00+00:00,baissier,M15,4642.535,4637.755,2026-08-27 02:00:00+00:00,,,,,,,,M5,4637.845,4635.005,marche,4633.995,4643.535,4629.235,4605.115,0.07,91.05,1.587,objectif,3,3
order_block,M15,2026-08-27 07:57:00+00:00,2026-08-27 09:38:00+00:00,haussier,M15,4594.435,4589.965,2026-08-26 20:45:00+00:00,,,,,,,,M5,4601.055,4598.565,marche,4602.375,4588.965,4628.035,4588.665,0.05,-58.89,-1.022,stop,7,3
order_block,M15,2026-08-27 12:52:00+00:00,2026-08-27 15:41:00+00:00,baissier,M15,4599.105,4593.475,2026-08-27 09:15:00+00:00,,,,,,,,M5,4588.605,4582.455,marche,4579.885,4600.105,4540.635,4600.405,0.03,-52.88,-1.015,stop,12,3
order_block,M15,2026-08-27 19:21:00+00:00,2026-08-27 22:01:00+00:00,baissier,M15,4614.275,4607.935,2026-08-27 17:30:00+00:00,,,,,,,,M5,4609.555,4608.695,marche,4607.305,4615.275,4600.165,4607.605,0.08,22.47,0.41,break_even,19,3
order_block,M15,2026-08-28 13:10:00+00:00,2026-08-28 13:26:00+00:00,baissier,M15,4601.125,4597.425,2026-08-28 11:15:00+00:00,,,,,,,,M5,4605.005,4604.445,marche,4599.095,4602.125,4586.045,4602.425,0.21,-60.03,-1.099,stop,13,3
order_block,M15,2026-08-28 14:04:00+00:00,2026-08-28 14:10:00+00:00,baissier,M15,4586.045,4578.785,2026-08-28 05:15:00+00:00,,,,,,,,M5,4596.115,4595.185,marche,4579.465,4587.045,4575.035,4579.765,0.08,39.32,0.755,break_even,14,3
order_block,M15,2026-08-31 13:54:00+00:00,2026-08-31 14:00:00+00:00,haussier,M15,4427.015,4418.885,2026-08-31 05:00:00+00:00,,,,,,,,M5,4421.175,4418.755,marche,4423.515,4417.885,4433.655,4417.585,0.11,-56.26,-1.053,stop,13,3
order_block,M30,2026-08-31 16:32:00+00:00,2026-08-31 16:42:00+00:00,baissier,M30,4448.145,4433.615,2026-08-31 13:00:00+00:00,,,,,,,,M5,4442.525,4439.775,marche,4436.205,4449.145,4433.655,4436.505,0.05,4.2,0.075,break_even,16,3
order_block,M30,2026-09-03 00:08:00+00:00,2026-09-03 00:38:00+00:00,baissier,M30,4392.785,4386.845,2026-09-02 22:00:00+00:00,,,,,,,,M5,4389.745,4389.075,marche,4386.355,4393.785,4383.875,4386.655,0.08,6.49,0.127,break_even,0,3
order_block,M30,2026-09-03 05:16:00+00:00,2026-09-03 11:58:00+00:00,baissier,M30,4443.125,4432.945,2026-09-01 03:30:00+00:00,,,,,,,,M5,4429.335,4428.465,marche,4426.915,4444.125,4382.145,4444.425,0.04,-60.4,-1.017,stop,5,3
order_block,H1,2026-09-04 01:15:00+00:00,2026-09-04 12:33:00+00:00,baissier,H1,4494.575,4482.985,2026-09-03 17:00:00+00:00,,,,,,,,M5,4476.225,4476.005,marche,4473.695,4495.575,4432.375,4382.445,0.03,140.22,2.478,objectif,1,3
order_block,M30,2026-09-06 22:02:00+00:00,2026-09-08 04:01:00+00:00,baissier,M30,4440.395,4432.945,2026-09-04 16:30:00+00:00,,,,,,,,M5,4428.125,4425.41,marche,4419.035,4441.405,4344.125,4441.705,0.03,-58.53,-1.012,stop,22,3
order_block,M15,2026-09-08 05:00:00+00:00,2026-09-08 06:03:00+00:00,baissier,M15,4442.705,4437.585,2026-09-08 04:00:00+00:00,,,,,,,,M5,4438.865,4438.615,marche,4434.895,4443.705,4427.935,4413.805,0.07,81.7,1.539,objectif,5,3
order_block,M15,2026-09-08 06:51:00+00:00,2026-09-08 07:40:00+00:00,haussier,M15,4397.885,4394.095,2026-09-07 12:45:00+00:00,,,,,,,,M5,4408.375,4405.815,marche,4409.825,4393.095,4414.755,4392.795,0.04,-58.62,-1.018,stop,6,3
order_block,M15,2026-09-08 10:22:00+00:00,2026-09-08 12:16:00+00:00,haussier,M15,4399.215,4392.245,2026-09-08 09:15:00+00:00,,,,,,,,M5,4402.835,4402.705,marche,4404.645,4389.725,4414.755,4389.425,0.04,-52.39,-1.02,stop,10,3
order_block,M15,2026-09-08 16:52:00+00:00,2026-09-09 06:01:00+00:00,baissier,M15,4403.895,4397.095,2026-09-08 15:30:00+00:00,,,,,,,,M5,4392.855,4392.585,marche,4391.625,4404.895,4380.935,4391.925,0.05,72.8,1.275,break_even,16,3
